"gene","cell_type","log2FC","pvalue","padj","significance","category"
"CD63","Muller",2.28136190129974,0.0222136128954398,0.999877276667317,"p < 0.05","Tetraspanins"
"TSPAN7","Muller",0.472156173375539,0.282207293709304,0.999877276667317,"NS","Tetraspanins"
"TSPAN3","Muller",0.0816349701222131,0.927555091043565,0.999877276667317,"NS","Tetraspanins"
"TSPAN5","Muller",-0.0750797375133685,0.857404752461161,0.999877276667317,"NS","Tetraspanins"
"TSPAN14","Muller",-0.268551353294138,0.839533811373735,0.999877276667317,"NS","Tetraspanins"
"TSPAN15","Muller",0.136241153634986,0.909401735114139,0.999877276667317,"NS","Tetraspanins"
"CTNNA1","Muller",-0.479688951885716,0.281528726371268,0.999877276667317,"NS","Catenins"
"CTNNA2","Muller",-1.77989291545518,2.72195251371864e-07,0.0015711109909184,"padj < 0.05","Catenins"
"CTNNB1","Muller",0.749683800034106,0.253353535336969,0.999877276667317,"NS","Catenins"
"CTNND1","Muller",-0.332652517447088,0.741640125087387,0.999877276667317,"NS","Catenins"
"CDH2","Muller",0.164222014056096,0.704646451617589,0.999877276667317,"NS","Cadherins"
"CDH18","Muller",-4.42330628791658,0.0055396521334939,0.999877276667317,"p < 0.05","Cadherins"
"CDH23","Muller",-1.58312215042403,0.324906515095081,0.999877276667317,"NS","Cadherins"
"PCDH15","Muller",-0.362524878315526,0.192620733380985,0.999877276667317,"NS","Cadherins"
"PARD3","Muller",-0.0225887089170079,0.966684926352795,0.999877276667317,"NS","Polarity_Complex"
"PARD3B","Muller",-0.338985728432593,0.412847287760775,0.999877276667317,"NS","Polarity_Complex"
"CRB1","Muller",-0.244671160328744,0.536309686286812,0.999877276667317,"NS","Polarity_Complex"
"MPDZ","Muller",-0.770234964728904,0.209544623031623,0.999877276667317,"NS","Polarity_Complex"
"TJP1","Muller",-0.588098601873026,0.219230346695186,0.999877276667317,"NS","Tight_Junctions"
"TJP2","Muller",0.295878562931549,0.620863229609375,0.999877276667317,"NS","Tight_Junctions"
"JAM2","Muller",0.891151261140616,0.384734929040621,0.999877276667317,"NS","Tight_Junctions"
"VIM","Muller",-0.164642738989425,0.698492778506592,0.999877276667317,"NS","Cytoskeleton"
"RDX","Muller",0.222252172192228,0.693678182741122,0.999877276667317,"NS","Cytoskeleton"
"CFL2","Muller",2.26740743973501,0.021824211476904,0.999877276667317,"p < 0.05","Cytoskeleton"
"GLUL","Muller",-1.00948128964811,0.0176008785953985,0.999877276667317,"p < 0.05","Glial_Function"
"RLBP1","Muller",-4.18201552021253,0.00393962465129359,0.999877276667317,"p < 0.05","Glial_Function"
"SLC1A2","Muller",1.45215340290784,0.00984821013528936,0.999877276667317,"p < 0.05","Glial_Function"
"CRACR2A","Muller",4.96542955891568,0.00202043878431792,0.999877276667317,"p < 0.05","Calcium_Signaling"
"HSP90AB1","Muller",0.459911611137158,0.445752878856593,0.999877276667317,"NS","Chaperones"
"HSP90AA1","Muller",-0.288253050845716,0.577380387690053,0.999877276667317,"NS","Chaperones"
"HSP90B1","Muller",0.259350714826906,0.560110315328468,0.999877276667317,"NS","Chaperones"
"HSPA5","Muller",0.658741049816248,0.447042522337726,0.999877276667317,"NS","Chaperones"
"HSPD1","Muller",1.09284801349097,0.287723857090598,0.999877276667317,"NS","Chaperones"
"CLU","Muller",0.320924355761728,0.422088635434574,0.999877276667317,"NS","Chaperones"
"CANX","Muller",0.123720852802303,0.788259298712452,0.999877276667317,"NS","Chaperones"
"PDIA3","Muller",0.681493690117246,0.182588391415525,0.999877276667317,"NS","Chaperones"
"ERBB4","Muller",5.69202972381968,0.00633677778675282,0.999877276667317,"p < 0.05","Survival_Signaling"
"CD63","Rods",0.420817799477559,0.212207877108954,0.799112060639429,"NS","Tetraspanins"
"TSPAN7","Rods",-0.062144502294867,0.614214238869606,0.962394763467874,"NS","Tetraspanins"
"TSPAN3","Rods",0.0931511713567974,0.637580932716069,0.964559572924784,"NS","Tetraspanins"
"TSPAN5","Rods",0.110034989904457,0.508085551052094,0.944576063970397,"NS","Tetraspanins"
"TSPAN14","Rods",1.07155430316014,0.104185606561704,0.645837729176571,"NS","Tetraspanins"
"TSPAN15","Rods",-0.180771088531473,0.834478269044978,0.987613425147191,"NS","Tetraspanins"
"CTNNA1","Rods",0.076401377207025,0.63802788071708,0.964559572924784,"NS","Catenins"
"CTNNA2","Rods",-0.272632220384311,0.0603297642110097,0.511507571408683,"NS","Catenins"
"CTNNB1","Rods",0.189810733955645,0.394751973373072,0.904758706725809,"NS","Catenins"
"CTNND1","Rods",0.286622941096493,0.460024047789608,0.928710976096631,"NS","Catenins"
"CDH2","Rods",-0.00801075830943834,0.965883822636357,0.99827153912453,"NS","Cadherins"
"CDH18","Rods",-0.661965219560361,0.000548824391465132,0.0317685993300445,"padj < 0.05","Cadherins"
"PCDH15","Rods",-0.306427043569847,0.00215296293193539,0.0798763697163681,"p < 0.05","Cadherins"
"PARD3","Rods",-0.150077470117551,0.413769793601789,0.910194754886865,"NS","Polarity_Complex"
"PARD3B","Rods",2.70086475483379,9.39632628709853e-11,7.99121411001241e-08,"padj < 0.05","Polarity_Complex"
"PARD6A","Rods",1.08666590928808,0.163276147225838,0.74728360915343,"NS","Polarity_Complex"
"PARD6B","Rods",0.464268835487594,0.525151777355114,0.948765861171729,"NS","Polarity_Complex"
"CRB1","Rods",0.26441865849995,0.0521078840169112,0.481232822004077,"NS","Polarity_Complex"
"MPDZ","Rods",-0.0290777177054858,0.843212704899602,0.987796476640398,"NS","Polarity_Complex"
"TJP1","Rods",-0.517477646240636,4.24026397205263e-05,0.00504089876075418,"padj < 0.05","Tight_Junctions"
"TJP2","Rods",0.289929191472686,0.0655982640780564,0.531567293241086,"NS","Tight_Junctions"
"JAM2","Rods",0.246545666416213,0.217764055215127,0.805486582287869,"NS","Tight_Junctions"
"JAM3","Rods",0.589456620392102,0.0749619584399982,0.555937621414267,"NS","Tight_Junctions"
"VIM","Rods",-0.166580497394651,0.463876325490208,0.930145651968443,"NS","Cytoskeleton"
"EZR","Rods",0.892745311824391,0.09446671302035,0.628036066838839,"NS","Cytoskeleton"
"RDX","Rods",0.30731780033474,0.0521713969921023,0.481232822004077,"NS","Cytoskeleton"
"CFL2","Rods",0.418767213965986,0.0967596322163343,0.632254428950232,"NS","Cytoskeleton"
"GLUL","Rods",-0.0886513595051474,0.841318797504541,0.987796476640398,"NS","Glial_Function"
"RLBP1","Rods",-0.030381769535447,0.952690758509468,0.997086818411061,"NS","Glial_Function"
"SLC1A2","Rods",0.109383282302662,0.370054737129072,0.889593454361248,"NS","Glial_Function"
"CRACR2A","Rods",-0.30079458230956,0.744354231794521,0.978329384649027,"NS","Calcium_Signaling"
"HSP90AB1","Rods",0.642638593572864,1.14695412675171e-05,0.00178601758103759,"padj < 0.05","Chaperones"
"HSP90AA1","Rods",0.292808513717343,0.0333667530156928,0.390373355916931,"p < 0.05","Chaperones"
"HSP90B1","Rods",0.346957002134295,0.0217112488116653,0.308931231482332,"p < 0.05","Chaperones"
"HSPA5","Rods",0.120192598774917,0.637624673066911,0.964559572924784,"NS","Chaperones"
"HSPD1","Rods",0.565602370920042,0.0122448448515558,0.225256247385692,"p < 0.05","Chaperones"
"CLU","Rods",-0.324875936933368,0.18314501904381,0.769041262992398,"NS","Chaperones"
"CANX","Rods",-0.0124932867084916,0.931466749049951,0.996930355687362,"NS","Chaperones"
"PDIA3","Rods",0.290061722270404,0.121450214840054,0.68403136794276,"NS","Chaperones"
"ERBB4","Rods",-0.898803099719043,0.0110166049461854,0.214435887825749,"p < 0.05","Survival_Signaling"
"CD63","Cones",-0.799517362959026,0.519868540626626,NA,"NS","Tetraspanins"
"TSPAN7","Cones",0.581351318240994,0.0628934046439784,0.536272861390247,"NS","Tetraspanins"
"TSPAN3","Cones",0.629418613080243,0.163660570800388,0.74911744748611,"NS","Tetraspanins"
"TSPAN5","Cones",0.36241324478405,0.437878584761978,0.946088412746006,"NS","Tetraspanins"
"CTNNA1","Cones",-0.316932278475771,0.36215712016055,0.925055371319183,"NS","Catenins"
"CTNNA2","Cones",-1.50012673969225,0.137027425076716,NA,"NS","Catenins"
"CTNNB1","Cones",-0.104135229840204,0.879152094768773,NA,"NS","Catenins"
"CTNND1","Cones",-0.878836057148797,0.512455773898476,NA,"NS","Catenins"
"CDH2","Cones",-0.560579450587569,0.296477231011259,0.865172834341328,"NS","Cadherins"
"PCDH15","Cones",-0.450374969282955,0.00135565992731142,0.0430348155077958,"padj < 0.05","Cadherins"
"PARD3","Cones",-0.736081231716915,0.0730968014012325,0.572664199890186,"NS","Polarity_Complex"
"CRB1","Cones",-0.365545169969508,0.165219674750712,0.74911744748611,"NS","Polarity_Complex"
"MPDZ","Cones",-0.117594989809114,0.720946826702047,0.963127991719858,"NS","Polarity_Complex"
"TJP1","Cones",0.162412597849153,0.627130381321996,0.955817331838313,"NS","Tight_Junctions"
"TJP2","Cones",1.03699356279254,0.0685636446065921,0.559291342899741,"NS","Tight_Junctions"
"JAM2","Cones",0.439372933601421,0.485214100842511,NA,"NS","Tight_Junctions"
"JAM3","Cones",-0.69893450774264,0.188628036378474,0.780390197654524,"NS","Tight_Junctions"
"VIM","Cones",-0.116670355940815,0.877228004624077,NA,"NS","Cytoskeleton"
"RDX","Cones",0.330440538720296,0.396346719185512,0.930030367550831,"NS","Cytoskeleton"
"CFL2","Cones",-0.055005774724598,0.943316535983481,NA,"NS","Cytoskeleton"
"RLBP1","Cones",1.69494043760094,0.291509843130383,NA,"NS","Glial_Function"
"SLC1A2","Cones",-0.427554654850586,0.0242590607939845,0.33766410607026,"p < 0.05","Glial_Function"
"HSP90AB1","Cones",0.386679443745374,0.447498254666639,0.946088412746006,"NS","Chaperones"
"HSP90AA1","Cones",0.571946949903931,0.0692807800365829,0.560620072056029,"NS","Chaperones"
"HSP90B1","Cones",0.0998388795171394,0.819355061456285,0.982952755402239,"NS","Chaperones"
"HSPA5","Cones",0.170151333247872,0.826355638343435,NA,"NS","Chaperones"
"HSPD1","Cones",0.396671804551738,0.629232978302102,NA,"NS","Chaperones"
"CLU","Cones",-0.608415215255513,0.620775310431574,NA,"NS","Chaperones"
"CANX","Cones",-0.0729248399129266,0.892388365653399,0.991923991053201,"NS","Chaperones"
"PDIA3","Cones",-0.606866275482279,0.392144428701218,NA,"NS","Chaperones"
"ERBB4","Cones",1.52280491552586,0.324152603561078,NA,"NS","Survival_Signaling"
"CD63","Amacrine",1.57727347311086,3.6248188723837e-05,0.00317930451170786,"padj < 0.05","Tetraspanins"
"TSPAN7","Amacrine",0.637615004873408,0.00100975642035101,0.039547760659637,"padj < 0.05","Tetraspanins"
"TSPAN3","Amacrine",0.235329057178996,0.488642071192684,0.86749851456265,"NS","Tetraspanins"
"TSPAN5","Amacrine",-0.161665248097201,0.488529357885461,0.86749851456265,"NS","Tetraspanins"
"TSPAN14","Amacrine",-0.0747287911755413,0.921575679943518,NA,"NS","Tetraspanins"
"TSPAN15","Amacrine",0.446997867886081,0.44979135995651,0.851359349282678,"NS","Tetraspanins"
"CTNNA1","Amacrine",0.262800729889915,0.306605800517711,0.759769834165033,"NS","Catenins"
"CTNNA2","Amacrine",-0.356133460447815,0.0220128584827471,0.262183001033316,"p < 0.05","Catenins"
"CTNNB1","Amacrine",0.662931556325312,0.0513679834185575,0.382652515920736,"NS","Catenins"
"CTNND1","Amacrine",-0.181759373844113,0.77789780672253,NA,"NS","Catenins"
"CDH2","Amacrine",-0.34439642952088,0.230553958262669,0.685221820087932,"NS","Cadherins"
"CDH18","Amacrine",-0.637532678292379,0.00122621615951398,0.0452495026724696,"padj < 0.05","Cadherins"
"CDH23","Amacrine",-0.564234184144281,0.475780317247099,NA,"NS","Cadherins"
"PCDH15","Amacrine",-0.717290829151497,0.204132908859525,0.660174513758464,"NS","Cadherins"
"PARD3","Amacrine",-0.14809294898189,0.672050408858804,0.93358288133975,"NS","Polarity_Complex"
"PARD3B","Amacrine",-1.81551209118877,0.01272069402465,NA,"p < 0.05","Polarity_Complex"
"PARD6A","Amacrine",0.395126889010977,0.619156776499796,NA,"NS","Polarity_Complex"
"CRB1","Amacrine",-0.771627383117079,0.0756338891727675,0.45508647358996,"NS","Polarity_Complex"
"MPDZ","Amacrine",-0.120503844630288,0.693116079413261,0.939858337080343,"NS","Polarity_Complex"
"TJP1","Amacrine",-0.26086237853393,0.136592366216571,0.574565929571593,"NS","Tight_Junctions"
"TJP2","Amacrine",-0.115870727433559,0.829330383099344,0.966835079283944,"NS","Tight_Junctions"
"JAM2","Amacrine",0.0803662474288972,0.923403596944059,NA,"NS","Tight_Junctions"
"JAM3","Amacrine",-0.245133790894799,0.605622188118126,0.920785091513726,"NS","Tight_Junctions"
"VIM","Amacrine",0.767202694849165,0.0324719183026022,0.311262352017736,"p < 0.05","Cytoskeleton"
"RDX","Amacrine",0.515731883833922,0.0697877419684527,0.437980985916524,"NS","Cytoskeleton"
"CFL2","Amacrine",0.517082868492838,0.144301949847843,0.583422196218259,"NS","Cytoskeleton"
"GLUL","Amacrine",0.0611028346461869,0.897539055835943,0.98114543363984,"NS","Glial_Function"
"RLBP1","Amacrine",0.0262569120366896,0.979016876333689,NA,"NS","Glial_Function"
"SLC1A2","Amacrine",-0.37547698372198,0.28113621208837,0.738517272590204,"NS","Glial_Function"
"CRACR2A","Amacrine",3.06444919823583,0.0423610555253307,NA,"p < 0.05","Calcium_Signaling"
"HSP90AB1","Amacrine",1.79274540085056,1.38980156434652e-22,8.87249318678816e-19,"padj < 0.05","Chaperones"
"HSP90AA1","Amacrine",1.46949426609358,3.75334369533946e-15,5.99033653776177e-12,"padj < 0.05","Chaperones"
"HSP90B1","Amacrine",1.37718218353676,2.24002825861661e-14,2.38339006716807e-11,"padj < 0.05","Chaperones"
"HSPA5","Amacrine",1.21959685949333,5.1684520423371e-06,0.000646968585064314,"padj < 0.05","Chaperones"
"HSPD1","Amacrine",1.44125176536646,8.77850005329615e-06,0.000983192005969169,"padj < 0.05","Chaperones"
"CLU","Amacrine",1.34534063572768,1.18537840938048e-05,0.00124056651893196,"padj < 0.05","Chaperones"
"CANX","Amacrine",1.01366577618505,2.7717000874354e-07,4.87468363114686e-05,"padj < 0.05","Chaperones"
"PDIA3","Amacrine",1.13695681900176,4.31898138102502e-06,0.000586646322052419,"padj < 0.05","Chaperones"
"ERBB4","Amacrine",0.189039395681611,0.729088465162996,0.946999137660339,"NS","Survival_Signaling"
"CD63","RGC",1.26885706069694,0.00801669069344576,NA,"p < 0.05","Tetraspanins"
"TSPAN7","RGC",0.865454194635476,0.00420393881604367,0.113996807561718,"p < 0.05","Tetraspanins"
"TSPAN3","RGC",0.142087610007447,0.802243720704433,NA,"NS","Tetraspanins"
"TSPAN5","RGC",-0.285561025746397,0.469606891920834,NA,"NS","Tetraspanins"
"TSPAN14","RGC",1.20943764427022,0.20601530951922,NA,"NS","Tetraspanins"
"TSPAN15","RGC",-1.13094307783201,0.399745704385132,NA,"NS","Tetraspanins"
"CTNNA1","RGC",0.331049867326482,0.484257455019239,NA,"NS","Catenins"
"CTNNA2","RGC",-0.101638049901671,0.59153438583525,0.998814420058434,"NS","Catenins"
"CTNNB1","RGC",1.59821729123317,0.0108388138354222,NA,"p < 0.05","Catenins"
"CTNND1","RGC",-0.438912208105811,0.523944953036449,NA,"NS","Catenins"
"CDH2","RGC",-0.0694479607311055,0.854264582112053,0.998814420058434,"NS","Cadherins"
"CDH18","RGC",-0.355289459832536,0.127232482286052,0.971067719515583,"NS","Cadherins"
"PCDH15","RGC",-0.0178486492529165,0.960520601907857,0.998814420058434,"NS","Cadherins"
"PARD3","RGC",-0.0194600586412283,0.966222574371966,NA,"NS","Polarity_Complex"
"PARD3B","RGC",-0.214321007540959,0.486669807301279,0.998814420058434,"NS","Polarity_Complex"
"PARD6A","RGC",1.58413249055141,0.183646368718845,NA,"NS","Polarity_Complex"
"CRB1","RGC",-0.824766388912859,0.342668018146902,NA,"NS","Polarity_Complex"
"MPDZ","RGC",0.218262408971239,0.542431004985575,0.998814420058434,"NS","Polarity_Complex"
"TJP1","RGC",-0.191714389055518,0.579930939743827,0.998814420058434,"NS","Tight_Junctions"
"TJP2","RGC",0.12477289434544,0.872429221867578,NA,"NS","Tight_Junctions"
"JAM2","RGC",-0.25577342570506,0.494516048699493,0.998814420058434,"NS","Tight_Junctions"
"JAM3","RGC",-0.164636344267748,0.855758755159905,NA,"NS","Tight_Junctions"
"VIM","RGC",0.531871688628789,0.515091674843962,NA,"NS","Cytoskeleton"
"RDX","RGC",0.217076757423131,0.564358331414597,0.998814420058434,"NS","Cytoskeleton"
"CFL2","RGC",0.855519629332077,0.188001743333648,NA,"NS","Cytoskeleton"
"GLUL","RGC",-0.732804560033198,0.314153410158833,NA,"NS","Glial_Function"
"SLC1A2","RGC",0.168042865309337,0.8618101109891,NA,"NS","Glial_Function"
"HSP90AB1","RGC",1.07561222168417,9.53759793702224e-07,0.000155176718435352,"padj < 0.05","Chaperones"
"HSP90AA1","RGC",0.903964063573028,0.000110516902796834,0.00719244003401799,"padj < 0.05","Chaperones"
"HSP90B1","RGC",1.0218191523065,0.000194461024667901,0.010811419686585,"padj < 0.05","Chaperones"
"HSPA5","RGC",0.740916609221786,0.0838246959166743,NA,"NS","Chaperones"
"HSPD1","RGC",0.869956268844813,0.0431604103606654,NA,"p < 0.05","Chaperones"
"CLU","RGC",1.48074809794823,4.61470439105859e-06,0.000622662083676986,"padj < 0.05","Chaperones"
"CANX","RGC",0.902385485575453,0.00118326198958224,0.048490192600911,"padj < 0.05","Chaperones"
"PDIA3","RGC",0.6032508704656,0.0898859002207532,0.834169354639063,"NS","Chaperones"
"ERBB4","RGC",-0.470385610467552,0.689522018425885,NA,"NS","Survival_Signaling"
"CD63","Horizontal",0.824734775571697,0.389133982468482,NA,"NS","Tetraspanins"
"TSPAN7","Horizontal",1.18564928000773,0.001739680939643,0.0382315596973926,"padj < 0.05","Tetraspanins"
"TSPAN3","Horizontal",-1.14901010202438,0.210430958859172,NA,"NS","Tetraspanins"
"TSPAN5","Horizontal",0.302907874985747,0.407000727879316,0.809615672053035,"NS","Tetraspanins"
"TSPAN14","Horizontal",1.09019270776675,0.41840568552307,NA,"NS","Tetraspanins"
"TSPAN15","Horizontal",0.341576264633407,0.70201730919,NA,"NS","Tetraspanins"
"CTNNA1","Horizontal",0.471477456351145,0.493212388163243,NA,"NS","Catenins"
"CTNNA2","Horizontal",-0.089209823603902,0.745486833095853,0.941990083749692,"NS","Catenins"
"CTNNB1","Horizontal",-0.105010713725391,0.874029772674918,NA,"NS","Catenins"
"CTNND1","Horizontal",0.381665617111624,0.774880636101884,NA,"NS","Catenins"
"CDH2","Horizontal",0.623972341829868,0.186062793677373,0.561228622758875,"NS","Cadherins"
"CDH18","Horizontal",-0.729983441797882,0.106684730264471,0.416533788008148,"NS","Cadherins"
"PCDH15","Horizontal",-0.740191361078524,0.144844197804452,0.500716084544979,"NS","Cadherins"
"PARD3","Horizontal",0.896115353548751,0.400983115106078,NA,"NS","Polarity_Complex"
"PARD3B","Horizontal",0.140393289058249,0.849957141573815,NA,"NS","Polarity_Complex"
"CRB1","Horizontal",-0.776482852635892,0.390578665644531,NA,"NS","Polarity_Complex"
"MPDZ","Horizontal",0.0271457736033594,0.957164421733406,NA,"NS","Polarity_Complex"
"TJP1","Horizontal",-0.237645806162761,0.474054391415231,0.837412620159335,"NS","Tight_Junctions"
"TJP2","Horizontal",0.52218685353118,0.469960762972646,NA,"NS","Tight_Junctions"
"JAM2","Horizontal",0.380145853630505,0.786748456046385,NA,"NS","Tight_Junctions"
"JAM3","Horizontal",-0.366712269410127,0.770286141925755,NA,"NS","Tight_Junctions"
"VIM","Horizontal",0.424443434294975,0.421868677894955,NA,"NS","Cytoskeleton"
"RDX","Horizontal",0.378434445243585,0.534078236989096,NA,"NS","Cytoskeleton"
"CFL2","Horizontal",0.242438739461153,0.793155981496755,NA,"NS","Cytoskeleton"
"SLC1A2","Horizontal",-0.799615495892212,0.350352448464338,NA,"NS","Glial_Function"
"HSP90AB1","Horizontal",1.33982761586413,0.000313014855688869,0.0137577481809917,"padj < 0.05","Chaperones"
"HSP90AA1","Horizontal",1.43782525347392,0.000369023002494875,0.0154821923319441,"padj < 0.05","Chaperones"
"HSP90B1","Horizontal",1.56549796696333,7.92704275547249e-06,0.00104523720904302,"padj < 0.05","Chaperones"
"HSPA5","Horizontal",1.93480450792651,0.0073674073869678,NA,"p < 0.05","Chaperones"
"HSPD1","Horizontal",1.1254666219165,0.0989262734338598,NA,"NS","Chaperones"
"CLU","Horizontal",0.869100804662812,0.108173064467034,NA,"NS","Chaperones"
"CANX","Horizontal",0.711803384291677,0.0557791369658924,0.285403528513365,"NS","Chaperones"
"PDIA3","Horizontal",1.08271368657474,0.0385937731809342,NA,"p < 0.05","Chaperones"
"ERBB4","Horizontal",-0.234059866425164,0.695025379675646,NA,"NS","Survival_Signaling"
"TSPAN7","Bipolar",-0.179782031486615,0.669610444283678,0.999985254041634,"NS","Tetraspanins"
"TSPAN3","Bipolar",0.516542334195147,0.461130892634566,0.999985254041634,"NS","Tetraspanins"
"TSPAN5","Bipolar",0.462852796290075,0.286859673761452,0.999985254041634,"NS","Tetraspanins"
"CTNNA1","Bipolar",0.452131803288818,0.491223739918334,0.999985254041634,"NS","Catenins"
"CTNNA2","Bipolar",-1.11526928933504,0.000733598300425735,0.682549587243398,"p < 0.05","Catenins"
"CTNNB1","Bipolar",0.661345177622597,0.447270078725029,0.999985254041634,"NS","Catenins"
"CTNND1","Bipolar",-0.0251244022598936,0.98287332440213,0.999985254041634,"NS","Catenins"
"CDH2","Bipolar",-1.07346056535457,0.075273300846365,0.999985254041634,"NS","Cadherins"
"CDH18","Bipolar",-1.1354908144703,0.0711704843043985,0.999985254041634,"NS","Cadherins"
"PCDH15","Bipolar",-0.528170850419601,0.0747335967342,0.999985254041634,"NS","Cadherins"
"PARD3","Bipolar",-0.659483522918819,0.324315213477236,0.999985254041634,"NS","Polarity_Complex"
"CRB1","Bipolar",-0.409966961326649,0.46916667153255,0.999985254041634,"NS","Polarity_Complex"
"MPDZ","Bipolar",-0.426783223485669,0.401309353879164,0.999985254041634,"NS","Polarity_Complex"
"TJP1","Bipolar",0.183181281977415,0.631283432442095,0.999985254041634,"NS","Tight_Junctions"
"TJP2","Bipolar",-0.0522574316750833,0.897785568292686,0.999985254041634,"NS","Tight_Junctions"
"JAM2","Bipolar",-1.34210986504905,0.253735391135861,0.999985254041634,"NS","Tight_Junctions"
"JAM3","Bipolar",0.325670438881439,0.752811117168067,0.999985254041634,"NS","Tight_Junctions"
"VIM","Bipolar",0.261803667881096,0.708082150294686,0.999985254041634,"NS","Cytoskeleton"
"RDX","Bipolar",0.86089589876762,0.149811975279115,0.999985254041634,"NS","Cytoskeleton"
"CFL2","Bipolar",2.13399003387405,0.0560064674126553,0.999985254041634,"NS","Cytoskeleton"
"SLC1A2","Bipolar",-0.125604614178675,0.725384023171023,0.999985254041634,"NS","Glial_Function"
"HSP90AB1","Bipolar",1.47909414912114,0.00402051042512808,0.999985254041634,"p < 0.05","Chaperones"
"HSP90AA1","Bipolar",0.600878248911974,0.138524485867609,0.999985254041634,"NS","Chaperones"
"HSP90B1","Bipolar",1.14936281238908,0.00494075872755742,0.999985254041634,"p < 0.05","Chaperones"
"HSPA5","Bipolar",0.939283609455213,0.255133160775211,0.999985254041634,"NS","Chaperones"
"HSPD1","Bipolar",2.04670938405074,0.0085860312203339,0.999985254041634,"p < 0.05","Chaperones"
"CANX","Bipolar",0.685318334570307,0.157553682517349,0.999985254041634,"NS","Chaperones"
"PDIA3","Bipolar",0.942277382044871,0.142481064922939,0.999985254041634,"NS","Chaperones"
